<TextureAtlas imagePath="transparent-dark.png">
	<SubTexture name="transparentDark00.png" x="160" y="305" width="96" height="96"/>
	<SubTexture name="transparentDark01.png" x="473" y="461" width="61" height="76"/>
	<SubTexture name="transparentDark02.png" x="0" y="480" width="125" height="125"/>
	<SubTexture name="transparentDark03.png" x="313" y="528" width="76" height="61"/>
	<SubTexture name="transparentDark04.png" x="473" y="400" width="75" height="61"/>
	<SubTexture name="transparentDark05.png" x="0" y="160" width="160" height="160"/>
	<SubTexture name="transparentDark06.png" x="0" y="320" width="160" height="160"/>
	<SubTexture name="transparentDark07.png" x="160" y="0" width="160" height="160"/>
	<SubTexture name="transparentDark08.png" x="160" y="401" width="61" height="75"/>
	<SubTexture name="transparentDark09.png" x="0" y="0" width="160" height="160"/>
	<SubTexture name="transparentDark10.png" x="496" y="192" width="48" height="48"/>
	<SubTexture name="transparentDark11.png" x="496" y="144" width="48" height="48"/>
	<SubTexture name="transparentDark12.png" x="548" y="400" width="48" height="48"/>
	<SubTexture name="transparentDark13.png" x="544" y="240" width="48" height="48"/>
	<SubTexture name="transparentDark14.png" x="544" y="144" width="48" height="48"/>
	<SubTexture name="transparentDark15.png" x="473" y="537" width="48" height="48"/>
	<SubTexture name="transparentDark16.png" x="268" y="160" width="48" height="48"/>
	<SubTexture name="transparentDark17.png" x="336" y="320" width="48" height="48"/>
	<SubTexture name="transparentDark18.png" x="480" y="48" width="48" height="48"/>
	<SubTexture name="transparentDark19.png" x="521" y="537" width="48" height="48"/>
	<SubTexture name="transparentDark20.png" x="480" y="0" width="48" height="48"/>
	<SubTexture name="transparentDark21.png" x="480" y="96" width="48" height="48"/>
	<SubTexture name="transparentDark22.png" x="473" y="320" width="80" height="80"/>
	<SubTexture name="transparentDark23.png" x="416" y="240" width="80" height="80"/>
	<SubTexture name="transparentDark24.png" x="416" y="160" width="80" height="80"/>
	<SubTexture name="transparentDark25.png" x="400" y="80" width="80" height="80"/>
	<SubTexture name="transparentDark26.png" x="400" y="0" width="80" height="80"/>
	<SubTexture name="transparentDark27.png" x="393" y="480" width="80" height="80"/>
	<SubTexture name="transparentDark28.png" x="534" y="461" width="48" height="48"/>
	<SubTexture name="transparentDark29.png" x="496" y="240" width="48" height="48"/>
	<SubTexture name="transparentDark30.png" x="528" y="0" width="48" height="48"/>
	<SubTexture name="transparentDark31.png" x="528" y="48" width="48" height="48"/>
	<SubTexture name="transparentDark32.png" x="528" y="96" width="48" height="48"/>
	<SubTexture name="transparentDark33.png" x="544" y="192" width="48" height="48"/>
	<SubTexture name="transparentDark34.png" x="393" y="320" width="80" height="80"/>
	<SubTexture name="transparentDark35.png" x="313" y="368" width="80" height="80"/>
	<SubTexture name="transparentDark36.png" x="256" y="288" width="80" height="80"/>
	<SubTexture name="transparentDark37.png" x="256" y="208" width="80" height="80"/>
	<SubTexture name="transparentDark38.png" x="233" y="481" width="80" height="80"/>
	<SubTexture name="transparentDark39.png" x="393" y="400" width="80" height="80"/>
	<SubTexture name="transparentDark40.png" x="125" y="480" width="108" height="48"/>
	<SubTexture name="transparentDark41.png" x="125" y="528" width="108" height="48"/>
	<SubTexture name="transparentDark42.png" x="160" y="160" width="108" height="48"/>
	<SubTexture name="transparentDark43.png" x="313" y="448" width="80" height="80"/>
	<SubTexture name="transparentDark44.png" x="233" y="401" width="80" height="80"/>
	<SubTexture name="transparentDark45.png" x="320" y="0" width="80" height="80"/>
	<SubTexture name="transparentDark46.png" x="320" y="80" width="80" height="80"/>
	<SubTexture name="transparentDark47.png" x="336" y="160" width="80" height="80"/>
	<SubTexture name="transparentDark48.png" x="336" y="240" width="80" height="80"/>
	<SubTexture name="transparentDark49.png" x="160" y="208" width="96" height="97"/>
</TextureAtlas>