<TextureAtlas imagePath="transparent-light.png">
	<SubTexture name="transparentLight00.png" x="160" y="305" width="96" height="96"/>
	<SubTexture name="transparentLight01.png" x="473" y="461" width="61" height="76"/>
	<SubTexture name="transparentLight02.png" x="0" y="480" width="125" height="125"/>
	<SubTexture name="transparentLight03.png" x="313" y="528" width="76" height="61"/>
	<SubTexture name="transparentLight04.png" x="473" y="400" width="75" height="61"/>
	<SubTexture name="transparentLight05.png" x="0" y="160" width="160" height="160"/>
	<SubTexture name="transparentLight06.png" x="0" y="320" width="160" height="160"/>
	<SubTexture name="transparentLight07.png" x="160" y="0" width="160" height="160"/>
	<SubTexture name="transparentLight08.png" x="160" y="401" width="61" height="75"/>
	<SubTexture name="transparentLight09.png" x="0" y="0" width="160" height="160"/>
	<SubTexture name="transparentLight10.png" x="496" y="192" width="48" height="48"/>
	<SubTexture name="transparentLight11.png" x="496" y="144" width="48" height="48"/>
	<SubTexture name="transparentLight12.png" x="548" y="400" width="48" height="48"/>
	<SubTexture name="transparentLight13.png" x="544" y="240" width="48" height="48"/>
	<SubTexture name="transparentLight14.png" x="544" y="144" width="48" height="48"/>
	<SubTexture name="transparentLight15.png" x="473" y="537" width="48" height="48"/>
	<SubTexture name="transparentLight16.png" x="268" y="160" width="48" height="48"/>
	<SubTexture name="transparentLight17.png" x="336" y="320" width="48" height="48"/>
	<SubTexture name="transparentLight18.png" x="480" y="48" width="48" height="48"/>
	<SubTexture name="transparentLight19.png" x="521" y="537" width="48" height="48"/>
	<SubTexture name="transparentLight20.png" x="480" y="0" width="48" height="48"/>
	<SubTexture name="transparentLight21.png" x="480" y="96" width="48" height="48"/>
	<SubTexture name="transparentLight22.png" x="473" y="320" width="80" height="80"/>
	<SubTexture name="transparentLight23.png" x="416" y="240" width="80" height="80"/>
	<SubTexture name="transparentLight24.png" x="416" y="160" width="80" height="80"/>
	<SubTexture name="transparentLight25.png" x="400" y="80" width="80" height="80"/>
	<SubTexture name="transparentLight26.png" x="400" y="0" width="80" height="80"/>
	<SubTexture name="transparentLight27.png" x="393" y="480" width="80" height="80"/>
	<SubTexture name="transparentLight28.png" x="534" y="461" width="48" height="48"/>
	<SubTexture name="transparentLight29.png" x="496" y="240" width="48" height="48"/>
	<SubTexture name="transparentLight30.png" x="528" y="0" width="48" height="48"/>
	<SubTexture name="transparentLight31.png" x="528" y="48" width="48" height="48"/>
	<SubTexture name="transparentLight32.png" x="528" y="96" width="48" height="48"/>
	<SubTexture name="transparentLight33.png" x="544" y="192" width="48" height="48"/>
	<SubTexture name="transparentLight34.png" x="393" y="320" width="80" height="80"/>
	<SubTexture name="transparentLight35.png" x="313" y="368" width="80" height="80"/>
	<SubTexture name="transparentLight36.png" x="256" y="288" width="80" height="80"/>
	<SubTexture name="transparentLight37.png" x="256" y="208" width="80" height="80"/>
	<SubTexture name="transparentLight38.png" x="233" y="481" width="80" height="80"/>
	<SubTexture name="transparentLight39.png" x="393" y="400" width="80" height="80"/>
	<SubTexture name="transparentLight40.png" x="125" y="480" width="108" height="48"/>
	<SubTexture name="transparentLight41.png" x="125" y="528" width="108" height="48"/>
	<SubTexture name="transparentLight42.png" x="160" y="160" width="108" height="48"/>
	<SubTexture name="transparentLight43.png" x="313" y="448" width="80" height="80"/>
	<SubTexture name="transparentLight44.png" x="233" y="401" width="80" height="80"/>
	<SubTexture name="transparentLight45.png" x="320" y="0" width="80" height="80"/>
	<SubTexture name="transparentLight46.png" x="320" y="80" width="80" height="80"/>
	<SubTexture name="transparentLight47.png" x="336" y="160" width="80" height="80"/>
	<SubTexture name="transparentLight48.png" x="336" y="240" width="80" height="80"/>
	<SubTexture name="transparentLight49.png" x="160" y="208" width="96" height="97"/>
</TextureAtlas>